Model,Model Type,Accuracy,Precision,Recall,F1-score
SomBERTa,Transformer,0.9675141242937854,0.9701754385964912,0.9501718213058419,0.9600694444444445
